{"w1":[[0.021349642425775528,0.09596935659646988,0.0012575641740113497,-0.010658188723027706,2.089956521987915,-2.3350296020507812,-0.40198665857315063,-0.046319250017404556,0.7751834988594055,-0.0009807753376662731,-4.846103668212891,-1.2840790748596191],[-2.558194160461426,1.8606986999511719,0.0024794316850602627,-0.10063745826482773,-0.08131632208824158,-0.05088939145207405,-0.33104318380355835,-0.24776609241962433,0.006907918024808168,-0.0035747603978961706,-0.1682031750679016,1.7895137071609497],[-0.008744277060031891,-0.05787036940455437,-5.0658345222473145,-0.5251412391662598,0.007737329695373774,-0.002748848171904683,0.006558025721460581,-0.29576563835144043,-2.3764710426330566,1.81472647190094,0.016779258847236633,0.030795495957136154]],"b1":[0.6945986747741699,-0.8486135601997375,0.7291907072067261,-0.05158517509698868,-1.4373455047607422,0.8938095569610596,0,0,0.008678300306200981,-1.367564082145691,0.5835087895393372,-0.8251385688781738],"w2":[[-0.4520212709903717,0.0035166293382644653,-0.015467807650566101,-0.0804549977183342,-0.0043839989230036736,0.008886199444532394,-0.12549662590026855,-0.17807091772556305,0.07866089046001434,0.0009418376721441746,1.189302682876587,-0.0031366331968456507],[-0.5574033856391907,-0.01678702048957348,0.6702698469161987,-1.2966254949569702,-0.3497233986854553,-0.07643748074769974,-0.05885997414588928,-0.01612825319170952,-0.6606101393699646,-0.34499701857566833,-0.32280293107032776,-0.0438460037112236],[-0.057142727077007294,2.0829062461853027,-0.07466745376586914,-0.1695491075515747,-0.1246185451745987,0.08200576901435852,0.09001731872558594,-0.0035766104701906443,-0.001876142923720181,-0.3132615089416504,-0.03182997182011604,1.9588541984558105],[0.32965874671936035,-0.14115563035011292,-0.10527854412794113,0.4546824097633362,0.07474192976951599,0.5488658547401428,0.10539085417985916,-0.0524633526802063,-0.19921202957630157,-0.31910520792007446,0.045844823122024536,0.14051412045955658],[-0.15770380198955536,0.8252909183502197,0.018533481284976006,-4.751420021057129,-0.37194743752479553,-0.4660050868988037,-0.15490607917308807,-0.207659512758255,-0.7392473816871643,1.6067564487457275,0.003227060427889228,-0.7720258831977844],[-0.22284187376499176,-0.053064391016960144,0.48824402689933777,0.5836110711097717,-0.31643325090408325,-0.18328611552715302,-0.2910712957382202,-0.044964730739593506,0.8756053447723389,-0.32097187638282776,0.017305927351117134,0.9770050048828125],[0.018998228013515472,0.27304592728614807,-0.023772072046995163,-0.024612819775938988,0.4023105502128601,0.1429891735315323,0.001910791965201497,-0.39935174584388733,0.09904497861862183,0.03873215988278389,-0.2013465017080307,-0.025730695575475693],[-0.3165552616119385,0.3423456847667694,0.2595883905887604,-0.21385370194911957,0.34082573652267456,-0.3474345803260803,-0.08946055918931961,0.3868494927883148,-0.19096803665161133,0.24150149524211884,0.42062270641326904,0.031080594286322594],[-0.3288384675979614,0.10485967248678207,0.10906421393156052,0.2530810832977295,-0.4533107280731201,-0.5710626244544983,-0.466502845287323,-0.3023796081542969,0.03482864424586296,0.14972996711730957,0.010011879727244377,-3.4967339038848877],[-0.37999212741851807,-0.020186901092529297,1.4360352754592896,-0.011119267903268337,-0.04374662786722183,0.24665512144565582,-0.1732110232114792,-0.34371286630630493,0.043654914945364,1.1765178442001343,-0.03855486586689949,-0.28300240635871887],[-0.25810688734054565,0.04240375757217407,-0.24829919636249542,0.6394596695899963,0.026716096326708794,-0.23103705048561096,-0.19454050064086914,-0.2475452423095703,0.6168938875198364,0.036020584404468536,0.013471290469169617,-0.5615864992141724],[-0.7198163270950317,0.4316963851451874,0.8919029831886292,-1.4763866662979126,0.14763788878917694,-0.374369353055954,-0.37541264295578003,-0.3446808457374573,-1.055739402770996,0.13404452800750732,-2.010960102081299,0.12376253306865692]],"b2":[-0.3003855049610138,-0.0013916869647800922,-0.006345320027321577,-0.08701396733522415,-0.11195095628499985,-0.11299999058246613,-0.3800678849220276,-0.43963301181793213,0.3691488802433014,0.2773359715938568,-0.03877716138958931,-0.6412556767463684],"w3":[[0.13382577896118164,0.015749795362353325,-0.1271384209394455],[-0.06353778392076492,-0.003861420787870884,0.6906512379646301],[0.4231226146221161,-0.022521579638123512,-0.20424599945545197],[0.55670565366745,-0.07200689613819122,-0.03901221603155136],[-0.43111249804496765,0.718319296836853,-0.1032557263970375],[-0.080149345099926,0.24591314792633057,0.438417911529541],[0.11352501809597015,-0.09043502062559128,-0.5021718144416809],[0.22486671805381775,0.4947574734687805,0.04982387274503708],[0.7013598680496216,0.059013862162828445,-0.009630465880036354],[-0.5504234433174133,0.01817149668931961,-0.354956716299057],[-0.030536193400621414,0.42219680547714233,-0.008345871232450008],[0.09257153421640396,0.005933013744652271,-0.5227654576301575]],"b3":[-0.11306989192962646,-0.02702377736568451,0.10146462917327881],"meta":{"architecture":"3 -> dense(12, relu) -> dense(12, relu) -> dense(3, tanh) * [brightness,contrast,saturation]-scale","inputFeatures":["meanLum/255","stdLum/128","meanSat/100"],"outputParams":["brightness","contrast","saturation"],"outputScales":[45,40,80],"trainedOn":"15000 синтетических примеров (с догущением по краям диапазонов), MSE, Adam(0.01), 250 эпох","finalValLoss":0.001348141930066049}}